chemin, classe, classe_LOC, classe_CLOC, classe_DC, WMC, classe_BC
jfreechart-master.src.main.java.org.jfree.chart.annotations,AbstractAnnotation.java,198,130,0.6565656565656566,14,0.046897546897546896
jfreechart-master.src.main.java.org.jfree.chart.annotations,AbstractXYAnnotation.java,186,109,0.5860215053763441,9,0.06511350059737157
jfreechart-master.src.main.java.org.jfree.chart.annotations,Annotation.java,57,50,0.8771929824561403,0,0.8771929824561403
jfreechart-master.src.main.java.org.jfree.chart.annotations,CategoryAnnotation.java,60,50,0.8333333333333334,0,0.8333333333333334
jfreechart-master.src.main.java.org.jfree.chart.annotations,CategoryLineAnnotation.java,390,192,0.49230769230769234,13,0.0378698224852071
jfreechart-master.src.main.java.org.jfree.chart.annotations,CategoryPointerAnnotation.java,480,243,0.50625,16,0.031640625
jfreechart-master.src.main.java.org.jfree.chart.annotations,CategoryTextAnnotation.java,246,123,0.5,9,0.05555555555555555
jfreechart-master.src.main.java.org.jfree.chart.annotations,TextAnnotation.java,314,177,0.5636942675159236,12,0.04697452229299363
jfreechart-master.src.main.java.org.jfree.chart.annotations,XYAnnotation.java,64,53,0.828125,0,0.828125
jfreechart-master.src.main.java.org.jfree.chart.annotations,XYAnnotationBoundsInfo.java,64,57,0.890625,0,0.890625
jfreechart-master.src.main.java.org.jfree.chart.annotations,XYBoxAnnotation.java,342,166,0.4853801169590643,17,0.02855177158582731
jfreechart-master.src.main.java.org.jfree.chart.annotations,XYDataImageAnnotation.java,335,176,0.5253731343283582,15,0.03502487562189054
jfreechart-master.src.main.java.org.jfree.chart.annotations,XYDrawableAnnotation.java,270,128,0.4740740740740741,16,0.02962962962962963
jfreechart-master.src.main.java.org.jfree.chart.annotations,XYImageAnnotation.java,272,138,0.5073529411764706,13,0.03902714932126697
jfreechart-master.src.main.java.org.jfree.chart.annotations,XYLineAnnotation.java,331,151,0.4561933534743202,17,0.026834903145548247
jfreechart-master.src.main.java.org.jfree.chart.annotations,XYPointerAnnotation.java,494,242,0.4898785425101215,17,0.028816384853536558
jfreechart-master.src.main.java.org.jfree.chart.annotations,XYPolygonAnnotation.java,321,150,0.4672897196261682,20,0.02336448598130841
jfreechart-master.src.main.java.org.jfree.chart.annotations,XYShapeAnnotation.java,272,120,0.4411764705882353,24,0.01838235294117647
jfreechart-master.src.main.java.org.jfree.chart.annotations,XYTextAnnotation.java,583,301,0.516295025728988,23,0.022447609814303826
jfreechart-master.src.main.java.org.jfree.chart.annotations,XYTitleAnnotation.java,359,147,0.40947075208913647,22,0.018612306913142567
jfreechart-master.src.main.java.org.jfree.chart.api,HorizontalAlignment.java,48,42,0.875,0,0.875
jfreechart-master.src.main.java.org.jfree.chart.api,Layer.java,37,32,0.8648648648648649,0,0.8648648648648649
jfreechart-master.src.main.java.org.jfree.chart.api,LengthAdjustmentType.java,47,41,0.8723404255319149,0,0.8723404255319149
jfreechart-master.src.main.java.org.jfree.chart.api,PublicCloneable.java,53,48,0.9056603773584906,0,0.9056603773584906
jfreechart-master.src.main.java.org.jfree.chart.api,RectangleAlignment.java,128,48,0.375,14,0.026785714285714284
jfreechart-master.src.main.java.org.jfree.chart.api,RectangleAnchor.java,152,57,0.375,21,0.017857142857142856
jfreechart-master.src.main.java.org.jfree.chart.api,RectangleEdge.java,107,65,0.6074766355140186,11,0.055225148683092605
jfreechart-master.src.main.java.org.jfree.chart.api,RectangleInsets.java,483,238,0.4927536231884058,24,0.020531400966183576
jfreechart-master.src.main.java.org.jfree.chart.api,Rotation.java,67,55,0.8208955223880597,1,0.8208955223880597
jfreechart-master.src.main.java.org.jfree.chart.api,SortOrder.java,44,39,0.8863636363636364,0,0.8863636363636364
jfreechart-master.src.main.java.org.jfree.chart.api,TableOrder.java,44,39,0.8863636363636364,0,0.8863636363636364
jfreechart-master.src.main.java.org.jfree.chart.api,UnitType.java,44,39,0.8863636363636364,0,0.8863636363636364
jfreechart-master.src.main.java.org.jfree.chart.api,VerticalAlignment.java,48,42,0.875,0,0.875
jfreechart-master.src.main.java.org.jfree.chart.api,XYCoordinateType.java,53,47,0.8867924528301887,0,0.8867924528301887
jfreechart-master.src.main.java.org.jfree.chart.axis,Axis.java,1536,748,0.4869791666666667,108,0.004509066358024691
jfreechart-master.src.main.java.org.jfree.chart.axis,AxisCollection.java,127,78,0.6141732283464567,6,0.10236220472440945
jfreechart-master.src.main.java.org.jfree.chart.axis,AxisLabelLocation.java,47,41,0.8723404255319149,0,0.8723404255319149
jfreechart-master.src.main.java.org.jfree.chart.axis,AxisLocation.java,81,55,0.6790123456790124,6,0.11316872427983539
jfreechart-master.src.main.java.org.jfree.chart.axis,AxisSpace.java,342,153,0.4473684210526316,25,0.017894736842105262
jfreechart-master.src.main.java.org.jfree.chart.axis,AxisState.java,175,109,0.6228571428571429,6,0.10380952380952381
jfreechart-master.src.main.java.org.jfree.chart.axis,CategoryAnchor.java,48,42,0.875,0,0.875
jfreechart-master.src.main.java.org.jfree.chart.axis,CategoryAxis.java,1296,571,0.44058641975308643,91,0.0048416090082756755
jfreechart-master.src.main.java.org.jfree.chart.axis,CategoryLabelPosition.java,229,130,0.5676855895196506,9,0.06307617661329451
jfreechart-master.src.main.java.org.jfree.chart.axis,CategoryLabelPositions.java,366,169,0.46174863387978143,11,0.04197714853452558
jfreechart-master.src.main.java.org.jfree.chart.axis,CategoryLabelWidthType.java,45,40,0.8888888888888888,0,0.8888888888888888
jfreechart-master.src.main.java.org.jfree.chart.axis,CategoryTick.java,132,77,0.5833333333333334,6,0.09722222222222222
jfreechart-master.src.main.java.org.jfree.chart.axis,CompassFormat.java,140,92,0.6571428571428571,5,0.13142857142857142
jfreechart-master.src.main.java.org.jfree.chart.axis,CyclicNumberAxis.java,1048,395,0.37690839694656486,82,0.00459644386520201
jfreechart-master.src.main.java.org.jfree.chart.axis,DateAxis.java,1670,608,0.36407185628742517,128,0.002844311377245509
jfreechart-master.src.main.java.org.jfree.chart.axis,DateTick.java,120,78,0.65,4,0.1625
jfreechart-master.src.main.java.org.jfree.chart.axis,DateTickMarkPosition.java,53,47,0.8867924528301887,0,0.8867924528301887
jfreechart-master.src.main.java.org.jfree.chart.axis,DateTickUnit.java,317,177,0.5583596214511041,29,0.019253780050038072
jfreechart-master.src.main.java.org.jfree.chart.axis,DateTickUnitType.java,74,56,0.7567567567567568,1,0.7567567567567568
jfreechart-master.src.main.java.org.jfree.chart.axis,ExtendedCategoryAxis.java,230,124,0.5391304347826087,15,0.035942028985507246
jfreechart-master.src.main.java.org.jfree.chart.axis,LogarithmicAxis.java,951,456,0.4794952681388013,120,0.003995793901156677
jfreechart-master.src.main.java.org.jfree.chart.axis,LogAxis.java,965,403,0.41761658031088084,75,0.005568221070811744
jfreechart-master.src.main.java.org.jfree.chart.axis,LogTick.java,72,58,0.8055555555555556,1,0.8055555555555556
jfreechart-master.src.main.java.org.jfree.chart.axis,MarkerAxisBand.java,242,109,0.45041322314049587,12,0.03753443526170799
jfreechart-master.src.main.java.org.jfree.chart.axis,ModuloAxis.java,398,187,0.46984924623115576,25,0.01879396984924623
jfreechart-master.src.main.java.org.jfree.chart.axis,MonthDateFormat.java,230,132,0.5739130434782609,13,0.04414715719063545
jfreechart-master.src.main.java.org.jfree.chart.axis,NumberAxis.java,1024,430,0.419921875,96,0.004374186197916667
jfreechart-master.src.main.java.org.jfree.chart.axis,NumberTick.java,84,65,0.7738095238095238,1,0.7738095238095238
jfreechart-master.src.main.java.org.jfree.chart.axis,NumberTickUnit.java,139,84,0.60431654676259,16,0.03776978417266187
jfreechart-master.src.main.java.org.jfree.chart.axis,NumberTickUnitSource.java,214,57,0.26635514018691586,32,0.00832359813084112
jfreechart-master.src.main.java.org.jfree.chart.axis,PeriodAxis.java,1098,429,0.3907103825136612,86,0.004543143982716991
jfreechart-master.src.main.java.org.jfree.chart.axis,PeriodAxisLabelInfo.java,320,162,0.50625,14,0.03616071428571428
jfreechart-master.src.main.java.org.jfree.chart.axis,QuarterDateFormat.java,177,96,0.5423728813559322,8,0.06779661016949153
jfreechart-master.src.main.java.org.jfree.chart.axis,StandardTickUnitSource.java,119,80,0.6722689075630253,2,0.33613445378151263
jfreechart-master.src.main.java.org.jfree.chart.axis,SubCategoryAxis.java,397,165,0.4156171284634761,36,0.011544920235096559
jfreechart-master.src.main.java.org.jfree.chart.axis,SymbolAxis.java,681,262,0.38472834067547723,55,0.0069950607395541315
jfreechart-master.src.main.java.org.jfree.chart.axis,Tick.java,157,92,0.5859872611464968,7,0.08371246587807098
jfreechart-master.src.main.java.org.jfree.chart.axis,TickType.java,45,40,0.8888888888888888,0,0.8888888888888888
jfreechart-master.src.main.java.org.jfree.chart.axis,TickUnit.java,167,103,0.6167664670658682,8,0.07709580838323353
jfreechart-master.src.main.java.org.jfree.chart.axis,TickUnits.java,195,123,0.6307692307692307,6,0.10512820512820513
jfreechart-master.src.main.java.org.jfree.chart.axis,TickUnitSource.java,74,68,0.918918918918919,0,0.918918918918919
jfreechart-master.src.main.java.org.jfree.chart.axis,Timeline.java,133,122,0.9172932330827067,0,0.9172932330827067
jfreechart-master.src.main.java.org.jfree.chart.axis,ValueAxis.java,1523,756,0.4963887065003283,117,0.004242638517096823
jfreechart-master.src.main.java.org.jfree.chart.axis,ValueTick.java,123,81,0.6585365853658537,5,0.13170731707317074
jfreechart-master.src.main.java.org.jfree.chart.block,AbstractBlock.java,585,326,0.5572649572649573,20,0.027863247863247863
jfreechart-master.src.main.java.org.jfree.chart.block,Arrangement.java,68,61,0.8970588235294118,0,0.8970588235294118
jfreechart-master.src.main.java.org.jfree.chart.block,Block.java,101,88,0.8712871287128713,0,0.8712871287128713
jfreechart-master.src.main.java.org.jfree.chart.block,BlockBorder.java,214,113,0.5280373831775701,12,0.044003115264797506
jfreechart-master.src.main.java.org.jfree.chart.block,BlockContainer.java,254,128,0.5039370078740157,14,0.03599550056242969
jfreechart-master.src.main.java.org.jfree.chart.block,BlockFrame.java,60,51,0.85,0,0.85
jfreechart-master.src.main.java.org.jfree.chart.block,BlockParams.java,125,95,0.76,1,0.76
jfreechart-master.src.main.java.org.jfree.chart.block,BlockResult.java,72,57,0.7916666666666666,1,0.7916666666666666
jfreechart-master.src.main.java.org.jfree.chart.block,BorderArrangement.java,511,130,0.25440313111545987,65,0.003913894324853229
jfreechart-master.src.main.java.org.jfree.chart.block,CenterArrangement.java,300,161,0.5366666666666666,25,0.021466666666666665
jfreechart-master.src.main.java.org.jfree.chart.block,ColorBlock.java,175,103,0.5885714285714285,6,0.09809523809523808
jfreechart-master.src.main.java.org.jfree.chart.block,ColumnArrangement.java,356,150,0.42134831460674155,36,0.011704119850187265
jfreechart-master.src.main.java.org.jfree.chart.block,EmptyBlock.java,111,78,0.7027027027027027,1,0.7027027027027027
jfreechart-master.src.main.java.org.jfree.chart.block,EntityBlockParams.java,54,50,0.9259259259259259,0,0.9259259259259259
jfreechart-master.src.main.java.org.jfree.chart.block,EntityBlockResult.java,53,48,0.9056603773584906,0,0.9056603773584906
jfreechart-master.src.main.java.org.jfree.chart.block,FlowArrangement.java,411,178,0.43309002433090027,41,0.01056317132514391
jfreechart-master.src.main.java.org.jfree.chart.block,GridArrangement.java,408,166,0.4068627450980392,38,0.010706914344685242
jfreechart-master.src.main.java.org.jfree.chart.block,LabelBlock.java,383,204,0.5326370757180157,17,0.031331592689295036
jfreechart-master.src.main.java.org.jfree.chart.block,LengthConstraintType.java,52,46,0.8846153846153846,0,0.8846153846153846
jfreechart-master.src.main.java.org.jfree.chart.block,LineBorder.java,214,96,0.4485981308411215,14,0.03204272363150868
jfreechart-master.src.main.java.org.jfree.chart.block,RectangleConstraint.java,320,171,0.534375,15,0.035625000000000004
jfreechart-master.src.main.java.org.jfree.chart.block,Size2D.java,149,90,0.6040268456375839,5,0.12080536912751678
jfreechart-master.src.main.java.org.jfree.chart,ChartColor.java,149,79,0.5302013422818792,1,0.5302013422818792
jfreechart-master.src.main.java.org.jfree.chart,ChartElement.java,48,44,0.9166666666666666,0,0.9166666666666666
jfreechart-master.src.main.java.org.jfree.chart,ChartElementVisitor.java,47,43,0.9148936170212766,0,0.9148936170212766
jfreechart-master.src.main.java.org.jfree.chart,ChartFactory.java,1870,877,0.46898395721925135,95,0.004936673233886856
jfreechart-master.src.main.java.org.jfree.chart,ChartHints.java,93,68,0.7311827956989247,4,0.1827956989247312
jfreechart-master.src.main.java.org.jfree.chart,ChartRenderingInfo.java,231,134,0.5800865800865801,11,0.05273514364423455
jfreechart-master.src.main.java.org.jfree.chart,ChartTheme.java,51,47,0.9215686274509803,0,0.9215686274509803
jfreechart-master.src.main.java.org.jfree.chart,ChartTransferable.java,231,130,0.5627705627705628,11,0.05116096025186934
jfreechart-master.src.main.java.org.jfree.chart,ChartUtils.java,630,395,0.626984126984127,18,0.034832451499118164
jfreechart-master.src.main.java.org.jfree.chart.date,MonthConstants.java,65,50,0.7692307692307693,0,0.7692307692307693
jfreechart-master.src.main.java.org.jfree.chart.date,SerialDate.java,856,501,0.5852803738317757,77,0.007601043815997087
jfreechart-master.src.main.java.org.jfree.chart.date,SpreadsheetDate.java,405,230,0.5679012345679012,17,0.03340595497458242
jfreechart-master.src.main.java.org.jfree.chart,Drawable.java,43,37,0.8604651162790697,0,0.8604651162790697
jfreechart-master.src.main.java.org.jfree.chart.encoders,EncoderUtil.java,178,125,0.702247191011236,17,0.04130865829477859
jfreechart-master.src.main.java.org.jfree.chart.encoders,ImageEncoder.java,95,82,0.8631578947368421,0,0.8631578947368421
jfreechart-master.src.main.java.org.jfree.chart.encoders,ImageEncoderFactory.java,143,91,0.6363636363636364,15,0.04242424242424243
jfreechart-master.src.main.java.org.jfree.chart.encoders,ImageFormat.java,52,46,0.8846153846153846,1,0.8846153846153846
jfreechart-master.src.main.java.org.jfree.chart.encoders,SunJPEGEncoderAdapter.java,156,97,0.6217948717948718,2,0.3108974358974359
jfreechart-master.src.main.java.org.jfree.chart.encoders,SunPNGEncoderAdapter.java,117,81,0.6923076923076923,1,0.6923076923076923
jfreechart-master.src.main.java.org.jfree.chart.entity,AxisEntity.java,191,112,0.5863874345549738,10,0.058638743455497376
jfreechart-master.src.main.java.org.jfree.chart.entity,CategoryItemEntity.java,175,110,0.6285714285714286,6,0.10476190476190476
jfreechart-master.src.main.java.org.jfree.chart.entity,CategoryLabelEntity.java,117,72,0.6153846153846154,4,0.15384615384615385
jfreechart-master.src.main.java.org.jfree.chart.entity,ChartEntity.java,371,190,0.5121293800539084,20,0.02560646900269542
jfreechart-master.src.main.java.org.jfree.chart.entity,EntityCollection.java,95,82,0.8631578947368421,0,0.8631578947368421
jfreechart-master.src.main.java.org.jfree.chart.entity,FlowEntity.java,104,66,0.6346153846153846,3,0.21153846153846154
jfreechart-master.src.main.java.org.jfree.chart.entity,JFreeChartEntity.java,190,111,0.5842105263157895,10,0.05842105263157895
jfreechart-master.src.main.java.org.jfree.chart.entity,LegendItemEntity.java,154,98,0.6363636363636364,6,0.10606060606060606
jfreechart-master.src.main.java.org.jfree.chart.entity,NodeEntity.java,88,65,0.7386363636363636,1,0.7386363636363636
jfreechart-master.src.main.java.org.jfree.chart.entity,PieSectionEntity.java,211,130,0.6161137440758294,7,0.08801624915368991
jfreechart-master.src.main.java.org.jfree.chart.entity,PlotEntity.java,190,111,0.5842105263157895,10,0.05842105263157895
jfreechart-master.src.main.java.org.jfree.chart.entity,StandardEntityCollection.java,190,104,0.5473684210526316,7,0.07819548872180451
jfreechart-master.src.main.java.org.jfree.chart.entity,TickLabelEntity.java,57,47,0.8245614035087719,1,0.8245614035087719
jfreechart-master.src.main.java.org.jfree.chart.entity,TitleEntity.java,190,111,0.5842105263157895,10,0.05842105263157895
jfreechart-master.src.main.java.org.jfree.chart.entity,XYAnnotationEntity.java,101,66,0.6534653465346535,5,0.1306930693069307
jfreechart-master.src.main.java.org.jfree.chart.entity,XYItemEntity.java,153,97,0.6339869281045751,5,0.12679738562091503
jfreechart-master.src.main.java.org.jfree.chart.event,AnnotationChangeEvent.java,66,52,0.7878787878787878,1,0.7878787878787878
jfreechart-master.src.main.java.org.jfree.chart.event,AnnotationChangeListener.java,50,44,0.88,0,0.88
jfreechart-master.src.main.java.org.jfree.chart.event,AxisChangeEvent.java,62,51,0.8225806451612904,1,0.8225806451612904
jfreechart-master.src.main.java.org.jfree.chart.event,AxisChangeListener.java,55,50,0.9090909090909091,0,0.9090909090909091
jfreechart-master.src.main.java.org.jfree.chart.event,ChartChangeEvent.java,115,81,0.7043478260869566,1,0.7043478260869566
jfreechart-master.src.main.java.org.jfree.chart.event,ChartChangeEventType.java,47,41,0.8723404255319149,0,0.8723404255319149
jfreechart-master.src.main.java.org.jfree.chart.event,ChartChangeListener.java,52,47,0.9038461538461539,0,0.9038461538461539
jfreechart-master.src.main.java.org.jfree.chart.event,ChartProgressEvent.java,115,80,0.6956521739130435,1,0.6956521739130435
jfreechart-master.src.main.java.org.jfree.chart.event,ChartProgressEventType.java,45,40,0.8888888888888888,0,0.8888888888888888
jfreechart-master.src.main.java.org.jfree.chart.event,ChartProgressListener.java,49,44,0.8979591836734694,0,0.8979591836734694
jfreechart-master.src.main.java.org.jfree.chart.event,MarkerChangeEvent.java,63,52,0.8253968253968254,1,0.8253968253968254
jfreechart-master.src.main.java.org.jfree.chart.event,MarkerChangeListener.java,50,44,0.88,0,0.88
jfreechart-master.src.main.java.org.jfree.chart.event,PlotChangeEvent.java,64,52,0.8125,1,0.8125
jfreechart-master.src.main.java.org.jfree.chart.event,PlotChangeListener.java,50,45,0.9,0,0.9
jfreechart-master.src.main.java.org.jfree.chart.event,RendererChangeEvent.java,87,68,0.7816091954022989,1,0.7816091954022989
jfreechart-master.src.main.java.org.jfree.chart.event,RendererChangeListener.java,49,44,0.8979591836734694,0,0.8979591836734694
jfreechart-master.src.main.java.org.jfree.chart.event,TitleChangeEvent.java,61,49,0.8032786885245902,1,0.8032786885245902
jfreechart-master.src.main.java.org.jfree.chart.event,TitleChangeListener.java,50,45,0.9,0,0.9
jfreechart-master.src.main.java.org.jfree.chart.imagemap,DynamicDriveToolTipTagFragmentGenerator.java,86,66,0.7674418604651163,1,0.7674418604651163
jfreechart-master.src.main.java.org.jfree.chart.imagemap,ImageMapUtils.java,239,116,0.48535564853556484,17,0.028550332266797932
jfreechart-master.src.main.java.org.jfree.chart.imagemap,OverLIBToolTipTagFragmentGenerator.java,69,56,0.8115942028985508,1,0.8115942028985508
jfreechart-master.src.main.java.org.jfree.chart.imagemap,StandardToolTipTagFragmentGenerator.java,65,53,0.8153846153846154,1,0.8153846153846154
jfreechart-master.src.main.java.org.jfree.chart.imagemap,StandardURLTagFragmentGenerator.java,66,55,0.8333333333333334,1,0.8333333333333334
jfreechart-master.src.main.java.org.jfree.chart.imagemap,ToolTipTagFragmentGenerator.java,61,57,0.9344262295081968,0,0.9344262295081968
jfreechart-master.src.main.java.org.jfree.chart.imagemap,URLTagFragmentGenerator.java,62,54,0.8709677419354839,0,0.8709677419354839
jfreechart-master.src.main.java.org.jfree.chart.internal,Args.java,114,80,0.7017543859649122,6,0.11695906432748537
jfreechart-master.src.main.java.org.jfree.chart.internal,ArrayUtils.java,188,82,0.43617021276595747,26,0.016775777414075287
jfreechart-master.src.main.java.org.jfree.chart.internal,CloneUtils.java,174,85,0.4885057471264368,11,0.044409613375130615
jfreechart-master.src.main.java.org.jfree.chart.internal,HashUtils.java,192,127,0.6614583333333334,6,0.11024305555555557
jfreechart-master.src.main.java.org.jfree.chart.internal,LineUtils.java,151,68,0.4503311258278146,16,0.028145695364238412
jfreechart-master.src.main.java.org.jfree.chart.internal,PaintUtils.java,201,84,0.417910447761194,25,0.01671641791044776
jfreechart-master.src.main.java.org.jfree.chart.internal,SerialUtils.java,634,221,0.34858044164037855,57,0.006115446344568044
jfreechart-master.src.main.java.org.jfree.chart.internal,ShapeUtils.java,489,227,0.46421267893660534,37,0.012546288619908252
jfreechart-master.src.main.java.org.jfree.chart,JFreeChart.java,1504,727,0.4833776595744681,112,0.004315871960486322
jfreechart-master.src.main.java.org.jfree.chart.labels,AbstractCategoryItemLabelGenerator.java,286,151,0.527972027972028,23,0.02295530556400122
jfreechart-master.src.main.java.org.jfree.chart.labels,AbstractPieItemLabelGenerator.java,213,110,0.5164319248826291,16,0.03227699530516432
jfreechart-master.src.main.java.org.jfree.chart.labels,AbstractXYItemLabelGenerator.java,315,160,0.5079365079365079,33,0.01539201539201539
jfreechart-master.src.main.java.org.jfree.chart.labels,BoxAndWhiskerToolTipGenerator.java,133,81,0.6090225563909775,15,0.0406015037593985
jfreechart-master.src.main.java.org.jfree.chart.labels,BoxAndWhiskerXYToolTipGenerator.java,142,85,0.5985915492957746,14,0.04275653923541247
jfreechart-master.src.main.java.org.jfree.chart.labels,BubbleXYItemLabelGenerator.java,242,127,0.5247933884297521,21,0.024990161353797717
jfreechart-master.src.main.java.org.jfree.chart.labels,CategoryItemLabelGenerator.java,77,70,0.9090909090909091,0,0.9090909090909091
jfreechart-master.src.main.java.org.jfree.chart.labels,CategorySeriesLabelGenerator.java,56,51,0.9107142857142857,0,0.9107142857142857
jfreechart-master.src.main.java.org.jfree.chart.labels,CategoryToolTipGenerator.java,61,56,0.9180327868852459,0,0.9180327868852459
jfreechart-master.src.main.java.org.jfree.chart.labels,CrosshairLabelGenerator.java,50,45,0.9,0,0.9
jfreechart-master.src.main.java.org.jfree.chart.labels,CustomXYToolTipGenerator.java,169,92,0.5443786982248521,11,0.04948897256589564
jfreechart-master.src.main.java.org.jfree.chart.labels,FlowLabelGenerator.java,54,48,0.8888888888888888,0,0.8888888888888888
jfreechart-master.src.main.java.org.jfree.chart.labels,HighLowItemLabelGenerator.java,198,93,0.4696969696969697,20,0.023484848484848487
jfreechart-master.src.main.java.org.jfree.chart.labels,IntervalCategoryItemLabelGenerator.java,122,68,0.5573770491803278,16,0.03483606557377049
jfreechart-master.src.main.java.org.jfree.chart.labels,IntervalCategoryToolTipGenerator.java,141,77,0.5460992907801419,18,0.03033884948778566
jfreechart-master.src.main.java.org.jfree.chart.labels,IntervalXYItemLabelGenerator.java,247,119,0.4817813765182186,32,0.015055668016194332
jfreechart-master.src.main.java.org.jfree.chart.labels,IntervalXYToolTipGenerator.java,243,119,0.4897119341563786,32,0.015303497942386831
jfreechart-master.src.main.java.org.jfree.chart.labels,ItemLabelAnchor.java,92,64,0.6956521739130435,0,0.6956521739130435
jfreechart-master.src.main.java.org.jfree.chart.labels,ItemLabelPosition.java,170,94,0.5529411764705883,7,0.07899159663865547
jfreechart-master.src.main.java.org.jfree.chart.labels,MultipleXYSeriesLabelGenerator.java,212,100,0.4716981132075472,18,0.02620545073375262
jfreechart-master.src.main.java.org.jfree.chart.labels,PieSectionLabelGenerator.java,85,74,0.8705882352941177,0,0.8705882352941177
jfreechart-master.src.main.java.org.jfree.chart.labels,PieToolTipGenerator.java,54,49,0.9074074074074074,0,0.9074074074074074
jfreechart-master.src.main.java.org.jfree.chart.labels,StandardCategoryItemLabelGenerator.java,133,86,0.6466165413533834,9,0.07184628237259816
jfreechart-master.src.main.java.org.jfree.chart.labels,StandardCategorySeriesLabelGenerator.java,144,87,0.6041666666666666,10,0.06041666666666666
jfreechart-master.src.main.java.org.jfree.chart.labels,StandardCategoryToolTipGenerator.java,119,76,0.6386554621848739,7,0.09123649459783913
jfreechart-master.src.main.java.org.jfree.chart.labels,StandardCrosshairLabelGenerator.java,137,80,0.583941605839416,7,0.08342022940563086
jfreechart-master.src.main.java.org.jfree.chart.labels,StandardFlowLabelGenerator.java,115,68,0.591304347826087,6,0.09855072463768116
jfreechart-master.src.main.java.org.jfree.chart.labels,StandardPieSectionLabelGenerator.java,230,145,0.6304347826086957,4,0.15760869565217392
jfreechart-master.src.main.java.org.jfree.chart.labels,StandardPieToolTipGenerator.java,129,92,0.7131782945736435,1,0.7131782945736435
jfreechart-master.src.main.java.org.jfree.chart.labels,StandardXYItemLabelGenerator.java,173,115,0.6647398843930635,13,0.051133837261004886
jfreechart-master.src.main.java.org.jfree.chart.labels,StandardXYSeriesLabelGenerator.java,151,93,0.6158940397350994,11,0.055990367248645395
jfreechart-master.src.main.java.org.jfree.chart.labels,StandardXYToolTipGenerator.java,174,115,0.6609195402298851,11,0.06008359456635319
jfreechart-master.src.main.java.org.jfree.chart.labels,StandardXYZToolTipGenerator.java,231,122,0.5281385281385281,21,0.025149453720882294
jfreechart-master.src.main.java.org.jfree.chart.labels,SymbolicXYItemLabelGenerator.java,156,87,0.5576923076923077,7,0.07967032967032968
jfreechart-master.src.main.java.org.jfree.chart.labels,XYItemLabelGenerator.java,54,49,0.9074074074074074,0,0.9074074074074074
jfreechart-master.src.main.java.org.jfree.chart.labels,XYSeriesLabelGenerator.java,57,52,0.9122807017543859,0,0.9122807017543859
jfreechart-master.src.main.java.org.jfree.chart.labels,XYToolTipGenerator.java,53,48,0.9056603773584906,0,0.9056603773584906
jfreechart-master.src.main.java.org.jfree.chart.labels,XYZToolTipGenerator.java,53,48,0.9056603773584906,0,0.9056603773584906
jfreechart-master.src.main.java.org.jfree.chart.legend,LegendGraphic.java,683,349,0.5109809663250366,49,0.010428182986225238
jfreechart-master.src.main.java.org.jfree.chart.legend,LegendItem.java,983,539,0.5483214649033571,42,0.013055272973889455
jfreechart-master.src.main.java.org.jfree.chart.legend,LegendItemBlockContainer.java,170,101,0.5941176470588235,3,0.1980392156862745
jfreechart-master.src.main.java.org.jfree.chart.legend,LegendItemCollection.java,142,86,0.6056338028169014,4,0.15140845070422534
jfreechart-master.src.main.java.org.jfree.chart.legend,LegendItemSource.java,50,45,0.9,0,0.9
jfreechart-master.src.main.java.org.jfree.chart.legend,LegendRenderingOrder.java,45,40,0.8888888888888888,0,0.8888888888888888
jfreechart-master.src.main.java.org.jfree.chart.legend,LegendTitle.java,617,270,0.4376012965964344,42,0.010419078490391295
jfreechart-master.src.main.java.org.jfree.chart.legend,PaintScaleLegend.java,662,271,0.4093655589123867,56,0.0073100992662926195
jfreechart-master.src.main.java.org.jfree.chart.plot,CategoryCrosshairState.java,157,93,0.5923566878980892,7,0.08462238398544131
jfreechart-master.src.main.java.org.jfree.chart.plot,CategoryMarker.java,174,105,0.603448275862069,8,0.07543103448275862
jfreechart-master.src.main.java.org.jfree.chart.plot,CategoryPlot.java,4523,2110,0.4665045323900066,414,0.0011268225420048468
jfreechart-master.src.main.java.org.jfree.chart.plot,CenterTextMode.java,47,41,0.8723404255319149,0,0.8723404255319149
jfreechart-master.src.main.java.org.jfree.chart.plot,CombinedDomainCategoryPlot.java,613,255,0.4159869494290375,58,0.007172188783259268
jfreechart-master.src.main.java.org.jfree.chart.plot,CombinedDomainXYPlot.java,691,300,0.4341534008683068,65,0.006679283090281643
jfreechart-master.src.main.java.org.jfree.chart.plot,CombinedRangeCategoryPlot.java,515,209,0.4058252427184466,50,0.008116504854368932
jfreechart-master.src.main.java.org.jfree.chart.plot,CombinedRangeXYPlot.java,646,277,0.42879256965944273,60,0.007146542827657379
jfreechart-master.src.main.java.org.jfree.chart.plot.compass,ArrowNeedle.java,156,78,0.5,13,0.038461538461538464
jfreechart-master.src.main.java.org.jfree.chart.plot.compass,CompassPlot.java,776,338,0.43556701030927836,56,0.007777982326951399
jfreechart-master.src.main.java.org.jfree.chart.plot.compass,LineNeedle.java,110,69,0.6272727272727273,7,0.08961038961038961
jfreechart-master.src.main.java.org.jfree.chart.plot.compass,LongNeedle.java,161,74,0.45962732919254656,12,0.038302277432712216
jfreechart-master.src.main.java.org.jfree.chart.plot.compass,MeterNeedle.java,376,198,0.526595744680851,23,0.022895467160037
jfreechart-master.src.main.java.org.jfree.chart.plot.compass,MiddlePinNeedle.java,132,71,0.5378787878787878,9,0.05976430976430976
jfreechart-master.src.main.java.org.jfree.chart.plot.compass,PinNeedle.java,130,71,0.5461538461538461,9,0.060683760683760676
jfreechart-master.src.main.java.org.jfree.chart.plot.compass,PlumNeedle.java,120,69,0.575,8,0.071875
jfreechart-master.src.main.java.org.jfree.chart.plot.compass,PointerNeedle.java,140,70,0.5,11,0.045454545454545456
jfreechart-master.src.main.java.org.jfree.chart.plot.compass,ShipNeedle.java,119,70,0.5882352941176471,11,0.053475935828877004
jfreechart-master.src.main.java.org.jfree.chart.plot.compass,WindNeedle.java,109,65,0.5963302752293578,5,0.11926605504587155
jfreechart-master.src.main.java.org.jfree.chart.plot,Crosshair.java,674,377,0.5593471810089021,21,0.026635580048042957
jfreechart-master.src.main.java.org.jfree.chart.plot,CrosshairState.java,324,215,0.6635802469135802,9,0.07373113854595335
jfreechart-master.src.main.java.org.jfree.chart.plot,DatasetRenderingOrder.java,60,55,0.9166666666666666,0,0.9166666666666666
jfreechart-master.src.main.java.org.jfree.chart.plot,DefaultDrawingSupplier.java,463,187,0.4038876889848812,30,0.013462922966162706
jfreechart-master.src.main.java.org.jfree.chart.plot.dial,AbstractDialLayer.java,193,119,0.616580310880829,8,0.07707253886010362
jfreechart-master.src.main.java.org.jfree.chart.plot.dial,ArcDialFrame.java,467,239,0.5117773019271948,29,0.01764749316990327
jfreechart-master.src.main.java.org.jfree.chart.plot.dial,DialBackground.java,242,142,0.5867768595041323,21,0.02794175521448249
jfreechart-master.src.main.java.org.jfree.chart.plot.dial,DialCap.java,305,174,0.5704918032786885,14,0.040749414519906324
jfreechart-master.src.main.java.org.jfree.chart.plot.dial,DialFrame.java,59,52,0.8813559322033898,0,0.8813559322033898
jfreechart-master.src.main.java.org.jfree.chart.plot.dial,DialLayer.java,102,88,0.8627450980392157,0,0.8627450980392157
jfreechart-master.src.main.java.org.jfree.chart.plot.dial,DialLayerChangeEvent.java,62,50,0.8064516129032258,1,0.8064516129032258
jfreechart-master.src.main.java.org.jfree.chart.plot.dial,DialLayerChangeListener.java,51,46,0.9019607843137255,0,0.9019607843137255
jfreechart-master.src.main.java.org.jfree.chart.plot.dial,DialPlot.java,752,379,0.5039893617021277,43,0.01172068283028204
jfreechart-master.src.main.java.org.jfree.chart.plot.dial,DialPointer.java,562,283,0.50355871886121,25,0.020142348754448397
jfreechart-master.src.main.java.org.jfree.chart.plot.dial,DialScale.java,63,58,0.9206349206349206,0,0.9206349206349206
jfreechart-master.src.main.java.org.jfree.chart.plot.dial,DialTextAnnotation.java,361,202,0.5595567867036011,18,0.03108648815020006
jfreechart-master.src.main.java.org.jfree.chart.plot.dial,DialValueIndicator.java,690,363,0.5260869565217391,49,0.010736468500443654
jfreechart-master.src.main.java.org.jfree.chart.plot.dial,StandardDialFrame.java,322,173,0.5372670807453416,22,0.024421230942970072
jfreechart-master.src.main.java.org.jfree.chart.plot.dial,StandardDialRange.java,391,210,0.5370843989769821,23,0.023351495607694873
jfreechart-master.src.main.java.org.jfree.chart.plot.dial,StandardDialScale.java,918,501,0.545751633986928,58,0.009409510930809105
jfreechart-master.src.main.java.org.jfree.chart.plot,DialShape.java,48,42,0.875,0,0.875
jfreechart-master.src.main.java.org.jfree.chart.plot,DrawingSupplier.java,88,76,0.8636363636363636,0,0.8636363636363636
jfreechart-master.src.main.java.org.jfree.chart.plot,FastScatterPlot.java,974,467,0.4794661190965092,53,0.00904653054899074
jfreechart-master.src.main.java.org.jfree.chart.plot.flow,FlowPlot.java,755,300,0.3973509933774834,77,0.005160402511395889
jfreechart-master.src.main.java.org.jfree.chart.plot,IntervalMarker.java,197,115,0.583756345177665,18,0.03243090806542583
jfreechart-master.src.main.java.org.jfree.chart.plot,Marker.java,603,335,0.5555555555555556,36,0.0154320987654321
jfreechart-master.src.main.java.org.jfree.chart.plot,MeterInterval.java,198,109,0.5505050505050505,10,0.05505050505050505
jfreechart-master.src.main.java.org.jfree.chart.plot,MeterPlot.java,1163,520,0.4471195184866724,72,0.006209993312314895
jfreechart-master.src.main.java.org.jfree.chart.plot,Pannable.java,80,69,0.8625,0,0.8625
jfreechart-master.src.main.java.org.jfree.chart.plot.pie,AbstractPieLabelDistributor.java,96,72,0.75,1,0.75
jfreechart-master.src.main.java.org.jfree.chart.plot.pie,MultiplePiePlot.java,574,220,0.3832752613240418,48,0.007984901277584205
jfreechart-master.src.main.java.org.jfree.chart.plot.pie,PieLabelDistributor.java,198,93,0.4696969696969697,19,0.024720893141945775
jfreechart-master.src.main.java.org.jfree.chart.plot.pie,PieLabelLinkStyle.java,48,42,0.875,0,0.875
jfreechart-master.src.main.java.org.jfree.chart.plot.pie,PieLabelRecord.java,253,139,0.549407114624506,14,0.039243365330321855
jfreechart-master.src.main.java.org.jfree.chart.plot.pie,PiePlot.java,2921,1376,0.47107155083875385,203,0.002320549511520955
jfreechart-master.src.main.java.org.jfree.chart.plot.pie,PiePlotState.java,239,158,0.6610878661087866,1,0.6610878661087866
jfreechart-master.src.main.java.org.jfree.chart.plot,Plot.java,1319,668,0.5064442759666414,111,0.004562561044744518
jfreechart-master.src.main.java.org.jfree.chart.plot,PlotOrientation.java,65,54,0.8307692307692308,1,0.8307692307692308
jfreechart-master.src.main.java.org.jfree.chart.plot,PlotRenderingInfo.java,264,147,0.5568181818181818,13,0.042832167832167825
jfreechart-master.src.main.java.org.jfree.chart.plot,PlotState.java,61,47,0.7704918032786885,1,0.7704918032786885
jfreechart-master.src.main.java.org.jfree.chart.plot,PolarAxisLocation.java,62,51,0.8225806451612904,0,0.8225806451612904
jfreechart-master.src.main.java.org.jfree.chart.plot,PolarPlot.java,1841,854,0.46387832699619774,142,0.0032667487816633646
jfreechart-master.src.main.java.org.jfree.chart.plot,RingPlot.java,630,302,0.4793650793650794,42,0.011413454270597128
jfreechart-master.src.main.java.org.jfree.chart.plot,SeriesRenderingOrder.java,58,53,0.9137931034482759,0,0.9137931034482759
jfreechart-master.src.main.java.org.jfree.chart.plot,SpiderWebPlot.java,1281,605,0.4722872755659641,99,0.004770578541070345
jfreechart-master.src.main.java.org.jfree.chart.plot,ThermometerPlot.java,1444,682,0.47229916897506924,94,0.00502445924441563
jfreechart-master.src.main.java.org.jfree.chart.plot,ValueAxisPlot.java,53,47,0.8867924528301887,0,0.8867924528301887
jfreechart-master.src.main.java.org.jfree.chart.plot,ValueMarker.java,135,92,0.6814814814814815,6,0.11358024691358025
jfreechart-master.src.main.java.org.jfree.chart.plot,WaferMapPlot.java,389,156,0.40102827763496146,23,0.01743601207108528
jfreechart-master.src.main.java.org.jfree.chart.plot,XYCrosshairState.java,52,46,0.8846153846153846,1,0.8846153846153846
jfreechart-master.src.main.java.org.jfree.chart.plot,XYPlot.java,4981,2259,0.4535233888777354,476,9.527802287347383E-4
jfreechart-master.src.main.java.org.jfree.chart.plot,Zoomable.java,151,133,0.8807947019867549,0,0.8807947019867549
jfreechart-master.src.main.java.org.jfree.chart.renderer,AbstractRenderer.java,2774,1539,0.5547945205479452,312,0.0017781875658587987
jfreechart-master.src.main.java.org.jfree.chart.renderer,AreaRendererEndType.java,58,52,0.896551724137931,0,0.896551724137931
jfreechart-master.src.main.java.org.jfree.chart.renderer.category,AbstractCategoryItemRenderer.java,1542,618,0.40077821011673154,133,0.0030133700008776808
jfreechart-master.src.main.java.org.jfree.chart.renderer.category,AreaRenderer.java,299,107,0.35785953177257523,28,0.012780697563306258
jfreechart-master.src.main.java.org.jfree.chart.renderer.category,BarPainter.java,84,73,0.8690476190476191,0,0.8690476190476191
jfreechart-master.src.main.java.org.jfree.chart.renderer.category,BarRenderer.java,1200,521,0.43416666666666665,108,0.004020061728395061
jfreechart-master.src.main.java.org.jfree.chart.renderer.category,BoxAndWhiskerRenderer.java,1012,419,0.4140316205533597,90,0.004600351339481774
jfreechart-master.src.main.java.org.jfree.chart.renderer.category,CategoryItemRenderer.java,1439,1269,0.881862404447533,32,0.027558200138985408
jfreechart-master.src.main.java.org.jfree.chart.renderer.category,CategoryItemRendererState.java,186,122,0.6559139784946236,6,0.1093189964157706
jfreechart-master.src.main.java.org.jfree.chart.renderer.category,CategoryStepRenderer.java,324,154,0.47530864197530864,23,0.020665593129361247
jfreechart-master.src.main.java.org.jfree.chart.renderer.category,DefaultCategoryItemRenderer.java,52,45,0.8653846153846154,0,0.8653846153846154
jfreechart-master.src.main.java.org.jfree.chart.renderer.category,GanttRenderer.java,555,205,0.36936936936936937,44,0.008394758394758395
jfreechart-master.src.main.java.org.jfree.chart.renderer.category,GradientBarPainter.java,340,126,0.37058823529411766,25,0.014823529411764706
jfreechart-master.src.main.java.org.jfree.chart.renderer.category,GroupedStackedBarRenderer.java,332,114,0.3433734939759036,28,0.012263339070567985
jfreechart-master.src.main.java.org.jfree.chart.renderer.category,IntervalBarRenderer.java,220,103,0.4681818181818182,16,0.029261363636363637
jfreechart-master.src.main.java.org.jfree.chart.renderer.category,LayeredBarRenderer.java,428,147,0.34345794392523366,69,0.0049776513612352705
jfreechart-master.src.main.java.org.jfree.chart.renderer.category,LevelRenderer.java,403,182,0.45161290322580644,25,0.018064516129032256
jfreechart-master.src.main.java.org.jfree.chart.renderer.category,LineAndShapeRenderer.java,774,396,0.5116279069767442,64,0.007994186046511628
jfreechart-master.src.main.java.org.jfree.chart.renderer.category,MinMaxCategoryRenderer.java,493,226,0.45841784989858014,31,0.014787672577373553
jfreechart-master.src.main.java.org.jfree.chart.renderer.category,ScatterRenderer.java,534,265,0.49625468164794007,31,0.016008215537030326
jfreechart-master.src.main.java.org.jfree.chart.renderer.category,StackedAreaRenderer.java,438,156,0.3561643835616438,33,0.0107928601079286
jfreechart-master.src.main.java.org.jfree.chart.renderer.category,StackedBarRenderer.java,346,131,0.3786127167630058,33,0.011473112629181994
jfreechart-master.src.main.java.org.jfree.chart.renderer.category,StandardBarPainter.java,202,96,0.4752475247524752,20,0.023762376237623763
jfreechart-master.src.main.java.org.jfree.chart.renderer.category,StatisticalBarRenderer.java,518,186,0.3590733590733591,54,0.006649506649506649
jfreechart-master.src.main.java.org.jfree.chart.renderer.category,StatisticalLineAndShapeRenderer.java,426,158,0.37089201877934275,42,0.008830762351889112
jfreechart-master.src.main.java.org.jfree.chart.renderer.category,WaterfallBarRenderer.java,429,169,0.3939393939393939,38,0.01036682615629984
jfreechart-master.src.main.java.org.jfree.chart.renderer,DefaultPolarItemRenderer.java,840,354,0.42142857142857143,61,0.006908665105386417
jfreechart-master.src.main.java.org.jfree.chart.renderer,GrayPaintScale.java,203,121,0.5960591133004927,8,0.07450738916256158
jfreechart-master.src.main.java.org.jfree.chart.renderer,LookupPaintScale.java,344,165,0.4796511627906977,41,0.011698808848553602
jfreechart-master.src.main.java.org.jfree.chart.renderer,NotOutlierException.java,57,51,0.8947368421052632,1,0.8947368421052632
jfreechart-master.src.main.java.org.jfree.chart.renderer,Outlier.java,196,126,0.6428571428571429,7,0.09183673469387756
jfreechart-master.src.main.java.org.jfree.chart.renderer,OutlierList.java,156,107,0.6858974358974359,3,0.22863247863247863
jfreechart-master.src.main.java.org.jfree.chart.renderer,OutlierListCollection.java,157,108,0.6878980891719745,5,0.1375796178343949
jfreechart-master.src.main.java.org.jfree.chart.renderer,PaintScale.java,73,65,0.8904109589041096,0,0.8904109589041096
jfreechart-master.src.main.java.org.jfree.chart.renderer,PolarItemRenderer.java,182,147,0.8076923076923077,0,0.8076923076923077
jfreechart-master.src.main.java.org.jfree.chart.renderer,RendererState.java,103,72,0.6990291262135923,3,0.23300970873786409
jfreechart-master.src.main.java.org.jfree.chart.renderer,RendererUtils.java,247,94,0.3805668016194332,36,0.010571300044984255
jfreechart-master.src.main.java.org.jfree.chart.renderer,WaferMapRenderer.java,344,145,0.42151162790697677,36,0.011708656330749355
jfreechart-master.src.main.java.org.jfree.chart.renderer.xy,AbstractXYItemRenderer.java,1524,552,0.36220472440944884,139,0.002605789384240639
jfreechart-master.src.main.java.org.jfree.chart.renderer.xy,CandlestickRenderer.java,818,390,0.4767726161369193,53,0.00899570973843244
jfreechart-master.src.main.java.org.jfree.chart.renderer.xy,ClusteredXYBarRenderer.java,328,131,0.39939024390243905,28,0.014263937282229966
jfreechart-master.src.main.java.org.jfree.chart.renderer.xy,CyclicXYItemRenderer.java,437,188,0.4302059496567506,37,0.011627187828560826
jfreechart-master.src.main.java.org.jfree.chart.renderer.xy,DefaultXYItemRenderer.java,52,46,0.8846153846153846,0,0.8846153846153846
jfreechart-master.src.main.java.org.jfree.chart.renderer.xy,DeviationRenderer.java,342,174,0.5087719298245614,20,0.025438596491228073
jfreechart-master.src.main.java.org.jfree.chart.renderer.xy,DeviationStepRenderer.java,282,109,0.38652482269503546,31,0.01246854266758179
jfreechart-master.src.main.java.org.jfree.chart.renderer.xy,GradientXYBarPainter.java,339,125,0.3687315634218289,25,0.014749262536873156
jfreechart-master.src.main.java.org.jfree.chart.renderer.xy,HighLowRenderer.java,448,206,0.45982142857142855,35,0.013137755102040816
jfreechart-master.src.main.java.org.jfree.chart.renderer.xy,SamplingXYLineRenderer.java,333,163,0.4894894894894895,18,0.027193860527193862
jfreechart-master.src.main.java.org.jfree.chart.renderer.xy,StackedXYAreaRenderer.java,609,274,0.44991789819376027,49,0.009181997922321638
jfreechart-master.src.main.java.org.jfree.chart.renderer.xy,StackedXYAreaRenderer2.java,493,170,0.3448275862068966,36,0.009578544061302683
jfreechart-master.src.main.java.org.jfree.chart.renderer.xy,StackedXYBarRenderer.java,374,150,0.40106951871657753,37,0.010839716722069664
jfreechart-master.src.main.java.org.jfree.chart.renderer.xy,StandardXYBarPainter.java,202,96,0.4752475247524752,20,0.023762376237623763
jfreechart-master.src.main.java.org.jfree.chart.renderer.xy,StandardXYItemRenderer.java,902,436,0.48337028824833705,68,0.0071083865918873095
jfreechart-master.src.main.java.org.jfree.chart.renderer.xy,VectorRenderer.java,314,108,0.34394904458598724,26,0.013228809407153356
jfreechart-master.src.main.java.org.jfree.chart.renderer.xy,WindItemRenderer.java,157,73,0.46496815286624205,10,0.04649681528662421
jfreechart-master.src.main.java.org.jfree.chart.renderer.xy,XYAreaRenderer.java,649,265,0.4083204930662558,67,0.006094335717406803
jfreechart-master.src.main.java.org.jfree.chart.renderer.xy,XYAreaRenderer2.java,392,159,0.40561224489795916,27,0.015022675736961451
jfreechart-master.src.main.java.org.jfree.chart.renderer.xy,XYBarPainter.java,80,69,0.8625,0,0.8625
jfreechart-master.src.main.java.org.jfree.chart.renderer.xy,XYBarRenderer.java,1084,463,0.42712177121771217,101,0.00422892842789814
jfreechart-master.src.main.java.org.jfree.chart.renderer.xy,XYBlockRenderer.java,484,228,0.47107438016528924,33,0.014274981217129976
jfreechart-master.src.main.java.org.jfree.chart.renderer.xy,XYBoxAndWhiskerRenderer.java,733,301,0.4106412005457026,61,0.006731822959765616
jfreechart-master.src.main.java.org.jfree.chart.renderer.xy,XYBubbleRenderer.java,311,119,0.38263665594855306,26,0.014716794459559732
jfreechart-master.src.main.java.org.jfree.chart.renderer.xy,XYDifferenceRenderer.java,1057,354,0.33491012298959316,95,0.003525369715679928
jfreechart-master.src.main.java.org.jfree.chart.renderer.xy,XYDotRenderer.java,336,167,0.49702380952380953,22,0.022591991341991344
jfreechart-master.src.main.java.org.jfree.chart.renderer.xy,XYErrorRenderer.java,415,204,0.491566265060241,25,0.01966265060240964
jfreechart-master.src.main.java.org.jfree.chart.renderer.xy,XYItemRenderer.java,1327,1158,0.8726450640542577,24,0.03636021100226074
jfreechart-master.src.main.java.org.jfree.chart.renderer.xy,XYItemRendererState.java,182,145,0.7967032967032966,2,0.3983516483516483
jfreechart-master.src.main.java.org.jfree.chart.renderer.xy,XYLineAndShapeRenderer.java,1078,559,0.5185528756957328,84,0.006173248520187295
jfreechart-master.src.main.java.org.jfree.chart.renderer.xy,XYShapeRenderer.java,562,292,0.5195729537366548,33,0.01574463496171681
jfreechart-master.src.main.java.org.jfree.chart.renderer.xy,XYSplineRenderer.java,463,210,0.4535637149028078,43,0.01054799336983274
jfreechart-master.src.main.java.org.jfree.chart.renderer.xy,XYStepAreaRenderer.java,565,272,0.4814159292035398,47,0.010242892110713614
jfreechart-master.src.main.java.org.jfree.chart.renderer.xy,XYStepRenderer.java,316,152,0.4810126582278481,26,0.018500486854917234
jfreechart-master.src.main.java.org.jfree.chart.renderer.xy,YIntervalRenderer.java,277,135,0.48736462093862815,15,0.032490974729241874
jfreechart-master.src.main.java.org.jfree.chart,StandardChartTheme.java,1644,697,0.4239659367396594,110,0.003854235788542358
jfreechart-master.src.main.java.org.jfree.chart.swing,AbstractOverlay.java,101,69,0.6831683168316832,5,0.13663366336633664
jfreechart-master.src.main.java.org.jfree.chart.swing,ApplicationFrame.java,114,79,0.6929824561403509,4,0.17324561403508773
jfreechart-master.src.main.java.org.jfree.chart.swing,ChartFrame.java,83,58,0.6987951807228916,2,0.3493975903614458
jfreechart-master.src.main.java.org.jfree.chart.swing,ChartMouseEvent.java,96,68,0.7083333333333334,1,0.7083333333333334
jfreechart-master.src.main.java.org.jfree.chart.swing,ChartMouseListener.java,59,52,0.8813559322033898,0,0.8813559322033898
jfreechart-master.src.main.java.org.jfree.chart.swing,ChartPanel.java,2750,1190,0.43272727272727274,278,0.0015565729234793984
jfreechart-master.src.main.java.org.jfree.chart.swing,CrosshairOverlay.java,567,173,0.30511463844797176,65,0.004694071360738027
jfreechart-master.src.main.java.org.jfree.chart.swing,DefaultSelectionZoomStrategy.java,239,83,0.3472803347280335,15,0.023152022315202234
jfreechart-master.src.main.java.org.jfree.chart.swing.editor,ChartEditor.java,52,46,0.8846153846153846,0,0.8846153846153846
jfreechart-master.src.main.java.org.jfree.chart.swing.editor,ChartEditorFactory.java,50,45,0.9,0,0.9
jfreechart-master.src.main.java.org.jfree.chart.swing.editor,ChartEditorManager.java,81,63,0.7777777777777778,1,0.7777777777777778
jfreechart-master.src.main.java.org.jfree.chart.swing.editor,DefaultAxisEditor.java,443,222,0.5011286681715575,17,0.02947815695126809
jfreechart-master.src.main.java.org.jfree.chart.swing.editor,DefaultChartEditor.java,233,90,0.38626609442060084,7,0.0551808706315144
jfreechart-master.src.main.java.org.jfree.chart.swing.editor,DefaultChartEditorFactory.java,58,48,0.8275862068965517,1,0.8275862068965517
jfreechart-master.src.main.java.org.jfree.chart.swing.editor,DefaultLogAxisEditor.java,148,66,0.44594594594594594,9,0.04954954954954955
jfreechart-master.src.main.java.org.jfree.chart.swing.editor,DefaultNumberAxisEditor.java,151,54,0.3576158940397351,9,0.039735099337748346
jfreechart-master.src.main.java.org.jfree.chart.swing.editor,DefaultPlotEditor.java,561,196,0.3493761140819964,54,0.006469928038555489
jfreechart-master.src.main.java.org.jfree.chart.swing.editor,DefaultPolarPlotEditor.java,187,77,0.4117647058823529,7,0.058823529411764705
jfreechart-master.src.main.java.org.jfree.chart.swing.editor,DefaultTitleEditor.java,253,98,0.38735177865612647,13,0.02979629066585588
jfreechart-master.src.main.java.org.jfree.chart.swing.editor,DefaultValueAxisEditor.java,367,141,0.38419618528610355,18,0.02134423251589464
jfreechart-master.src.main.java.org.jfree.chart.swing.editor,FontChooserPanel.java,182,69,0.3791208791208791,10,0.03791208791208791
jfreechart-master.src.main.java.org.jfree.chart.swing.editor,FontDisplayField.java,86,57,0.6627906976744186,2,0.3313953488372093
jfreechart-master.src.main.java.org.jfree.chart.swing.editor,LCBLayout.java,236,89,0.3771186440677966,21,0.017958030669895077
jfreechart-master.src.main.java.org.jfree.chart.swing.editor,PaintSample.java,100,57,0.57,1,0.57
jfreechart-master.src.main.java.org.jfree.chart.swing.editor,StrokeChooserPanel.java,83,53,0.6385542168674698,2,0.3192771084337349
jfreechart-master.src.main.java.org.jfree.chart.swing.editor,StrokeSample.java,146,74,0.5068493150684932,3,0.16894977168949774
jfreechart-master.src.main.java.org.jfree.chart.swing,MouseWheelHandler.java,139,75,0.539568345323741,12,0.044964028776978415
jfreechart-master.src.main.java.org.jfree.chart.swing,NumberCellRenderer.java,78,48,0.6153846153846154,4,0.15384615384615385
jfreechart-master.src.main.java.org.jfree.chart.swing,Overlay.java,78,71,0.9102564102564102,0,0.9102564102564102
jfreechart-master.src.main.java.org.jfree.chart.swing,OverlayChangeEvent.java,50,44,0.88,1,0.88
jfreechart-master.src.main.java.org.jfree.chart.swing,OverlayChangeListener.java,48,43,0.8958333333333334,0,0.8958333333333334
jfreechart-master.src.main.java.org.jfree.chart.swing,PolarChartPanel.java,215,99,0.4604651162790698,14,0.03289036544850498
jfreechart-master.src.main.java.org.jfree.chart.swing,SelectionZoomStrategy.java,160,136,0.85,0,0.85
jfreechart-master.src.main.java.org.jfree.chart.swing,UIUtils.java,181,96,0.5303867403314917,4,0.13259668508287292
jfreechart-master.src.main.java.org.jfree.chart.text,AttributedStringUtils.java,88,45,0.5113636363636364,9,0.056818181818181816
jfreechart-master.src.main.java.org.jfree.chart.text.format,HexNumberFormat.java,136,91,0.6691176470588235,6,0.11151960784313725
jfreechart-master.src.main.java.org.jfree.chart.text.format,HMSNumberFormat.java,105,74,0.7047619047619048,9,0.07830687830687831
jfreechart-master.src.main.java.org.jfree.chart.text.format,LogFormat.java,222,125,0.5630630630630631,21,0.026812526812526813
jfreechart-master.src.main.java.org.jfree.chart.text.format,RelativeDateFormat.java,501,272,0.5429141716566867,37,0.014673355990721261
jfreechart-master.src.main.java.org.jfree.chart.text,G2TextMeasurer.java,63,45,0.7142857142857143,1,0.7142857142857143
jfreechart-master.src.main.java.org.jfree.chart.text,TextAnchor.java,145,94,0.6482758620689655,1,0.6482758620689655
jfreechart-master.src.main.java.org.jfree.chart.text,TextBlock.java,272,135,0.4963235294117647,14,0.035451680672268907
jfreechart-master.src.main.java.org.jfree.chart.text,TextBlockAnchor.java,55,43,0.7818181818181819,0,0.7818181818181819
jfreechart-master.src.main.java.org.jfree.chart.text,TextBox.java,378,174,0.4603174603174603,18,0.025573192239858905
jfreechart-master.src.main.java.org.jfree.chart.text,TextFragment.java,268,142,0.5298507462686567,14,0.03784648187633262
jfreechart-master.src.main.java.org.jfree.chart.text,TextLine.java,222,114,0.5135135135135135,11,0.04668304668304668
jfreechart-master.src.main.java.org.jfree.chart.text,TextMeasurer.java,44,40,0.9090909090909091,0,0.9090909090909091
jfreechart-master.src.main.java.org.jfree.chart.text,TextUtils.java,699,307,0.43919885550786836,66,0.006654528113755581
jfreechart-master.src.main.java.org.jfree.chart.title,CompositeTitle.java,223,126,0.5650224215246636,10,0.05650224215246637
jfreechart-master.src.main.java.org.jfree.chart.title,DateTitle.java,154,117,0.7597402597402597,3,0.2532467532467532
jfreechart-master.src.main.java.org.jfree.chart.title,ImageTitle.java,330,154,0.4666666666666667,20,0.023333333333333334
jfreechart-master.src.main.java.org.jfree.chart.title,ShortTextTitle.java,223,104,0.4663677130044843,18,0.025909317389138018
jfreechart-master.src.main.java.org.jfree.chart.title,TextTitle.java,800,332,0.415,73,0.005684931506849315
jfreechart-master.src.main.java.org.jfree.chart.title,Title.java,396,216,0.5454545454545454,29,0.018808777429467082
jfreechart-master.src.main.java.org.jfree.chart.urls,CategoryURLGenerator.java,73,67,0.9178082191780822,0,0.9178082191780822
jfreechart-master.src.main.java.org.jfree.chart.urls,CustomCategoryURLGenerator.java,179,91,0.5083798882681564,15,0.03389199255121043
jfreechart-master.src.main.java.org.jfree.chart.urls,CustomPieURLGenerator.java,204,109,0.5343137254901961,13,0.04110105580693816
jfreechart-master.src.main.java.org.jfree.chart.urls,CustomXYURLGenerator.java,193,104,0.538860103626943,15,0.03592400690846287
jfreechart-master.src.main.java.org.jfree.chart.urls,PieURLGenerator.java,64,59,0.921875,0,0.921875
jfreechart-master.src.main.java.org.jfree.chart.urls,StandardCategoryURLGenerator.java,179,94,0.5251396648044693,6,0.08752327746741155
jfreechart-master.src.main.java.org.jfree.chart.urls,StandardPieURLGenerator.java,151,82,0.543046357615894,8,0.06788079470198675
jfreechart-master.src.main.java.org.jfree.chart.urls,StandardXYURLGenerator.java,140,82,0.5857142857142857,6,0.09761904761904762
jfreechart-master.src.main.java.org.jfree.chart.urls,StandardXYZURLGenerator.java,60,51,0.85,1,0.85
jfreechart-master.src.main.java.org.jfree.chart.urls,TimeSeriesURLGenerator.java,183,93,0.5081967213114754,9,0.056466302367941715
jfreechart-master.src.main.java.org.jfree.chart.urls,XYURLGenerator.java,66,61,0.9242424242424242,0,0.9242424242424242
jfreechart-master.src.main.java.org.jfree.chart.urls,XYZURLGenerator.java,61,56,0.9180327868852459,0,0.9180327868852459
jfreechart-master.src.main.java.org.jfree.chart.util,AttrStringUtils.java,299,117,0.391304347826087,22,0.017786561264822136
jfreechart-master.src.main.java.org.jfree.chart.util,DefaultShadowGenerator.java,284,126,0.44366197183098594,16,0.02772887323943662
jfreechart-master.src.main.java.org.jfree.chart.util,DirectionalGradientPaintTransformer.java,125,77,0.616,5,0.1232
jfreechart-master.src.main.java.org.jfree.chart.util,ExportUtils.java,211,99,0.46919431279620855,10,0.04691943127962085
jfreechart-master.src.main.java.org.jfree.chart.util,GradientPaintTransformer.java,47,41,0.8723404255319149,2,0.43617021276595747
jfreechart-master.src.main.java.org.jfree.chart.util,GradientPaintTransformType.java,40,33,0.825,1,0.825
jfreechart-master.src.main.java.org.jfree.chart.util,PaintAlpha.java,355,225,0.6338028169014085,22,0.02880921895006402
jfreechart-master.src.main.java.org.jfree.chart.util,ShadowGenerator.java,68,61,0.8970588235294118,0,0.8970588235294118
jfreechart-master.src.main.java.org.jfree.chart.util,StandardGradientPaintTransformer.java,156,77,0.4935897435897436,20,0.024679487179487182
jfreechart-master.src.main.java.org.jfree.chart.util,StringUtils.java,87,62,0.7126436781609196,3,0.23754789272030652
jfreechart-master.src.main.java.org.jfree.data.category,CategoryDataset.java,65,59,0.9076923076923077,0,0.9076923076923077
jfreechart-master.src.main.java.org.jfree.data.category,CategoryRangeInfo.java,62,55,0.8870967741935484,0,0.8870967741935484
jfreechart-master.src.main.java.org.jfree.data.category,CategoryToPieDataset.java,302,147,0.4867549668874172,30,0.016225165562913906
jfreechart-master.src.main.java.org.jfree.data.category,DefaultCategoryDataset.java,412,266,0.6456310679611651,11,0.05869373345101501
jfreechart-master.src.main.java.org.jfree.data.category,DefaultIntervalCategoryDataset.java,742,362,0.48787061994609165,55,0.008870374908110757
jfreechart-master.src.main.java.org.jfree.data.category,IntervalCategoryDataset.java,87,79,0.9080459770114943,0,0.9080459770114943
jfreechart-master.src.main.java.org.jfree.data.category,SlidingCategoryDataset.java,348,197,0.5660919540229885,16,0.03538074712643678
jfreechart-master.src.main.java.org.jfree.data,ComparableObjectItem.java,153,97,0.6339869281045751,5,0.12679738562091503
jfreechart-master.src.main.java.org.jfree.data,ComparableObjectSeries.java,426,217,0.5093896713615024,32,0.01591842723004695
jfreechart-master.src.main.java.org.jfree.data,DataUtils.java,247,122,0.4939271255060729,24,0.02058029689608637
jfreechart-master.src.main.java.org.jfree.data,DefaultKeyedValue.java,149,93,0.6241610738255033,4,0.15604026845637584
jfreechart-master.src.main.java.org.jfree.data,DefaultKeyedValues.java,413,211,0.5108958837772397,21,0.024328375417963795
jfreechart-master.src.main.java.org.jfree.data,DefaultKeyedValues2D.java,507,252,0.4970414201183432,39,0.012744651797906235
jfreechart-master.src.main.java.org.jfree.data,DomainInfo.java,74,68,0.918918918918919,0,0.918918918918919
jfreechart-master.src.main.java.org.jfree.data,DomainOrder.java,47,41,0.8723404255319149,0,0.8723404255319149
jfreechart-master.src.main.java.org.jfree.data.flow,DefaultFlowDataset.java,350,169,0.4828571428571429,26,0.018571428571428572
jfreechart-master.src.main.java.org.jfree.data.flow,FlowDataset.java,123,109,0.8861788617886179,0,0.8861788617886179
jfreechart-master.src.main.java.org.jfree.data.flow,FlowDatasetUtils.java,194,105,0.5412371134020618,23,0.023532048408785297
jfreechart-master.src.main.java.org.jfree.data.flow,FlowKey.java,156,90,0.5769230769230769,7,0.08241758241758242
jfreechart-master.src.main.java.org.jfree.data.flow,NodeKey.java,140,84,0.6,6,0.09999999999999999
jfreechart-master.src.main.java.org.jfree.data.function,Function2D.java,54,50,0.9259259259259259,0,0.9259259259259259
jfreechart-master.src.main.java.org.jfree.data.function,LineFunction2D.java,121,79,0.6528925619834711,4,0.16322314049586778
jfreechart-master.src.main.java.org.jfree.data.function,NormalDistributionFunction2D.java,129,79,0.6124031007751938,5,0.12248062015503876
jfreechart-master.src.main.java.org.jfree.data.function,PolynomialFunction2D.java,117,79,0.6752136752136753,3,0.2250712250712251
jfreechart-master.src.main.java.org.jfree.data.function,PowerFunction2D.java,121,79,0.6528925619834711,4,0.16322314049586778
jfreechart-master.src.main.java.org.jfree.data.gantt,GanttCategoryDataset.java,160,145,0.90625,0,0.90625
jfreechart-master.src.main.java.org.jfree.data.gantt,SlidingGanttCategoryDataset.java,617,335,0.5429497568881686,30,0.01809832522960562
jfreechart-master.src.main.java.org.jfree.data.gantt,Task.java,229,131,0.5720524017467249,7,0.08172177167810356
jfreechart-master.src.main.java.org.jfree.data.gantt,TaskSeries.java,184,105,0.5706521739130435,8,0.07133152173913043
jfreechart-master.src.main.java.org.jfree.data.gantt,TaskSeriesCollection.java,633,319,0.5039494470774092,30,0.016798314902580307
jfreechart-master.src.main.java.org.jfree.data.gantt,XYTaskDataset.java,445,242,0.5438202247191011,13,0.04183232497839239
jfreechart-master.src.main.java.org.jfree.data.general,AbstractDataset.java,221,152,0.6877828054298643,15,0.045852187028657614
jfreechart-master.src.main.java.org.jfree.data.general,AbstractSeriesDataset.java,100,72,0.72,3,0.24
jfreechart-master.src.main.java.org.jfree.data.general,Dataset.java,57,52,0.9122807017543859,0,0.9122807017543859
jfreechart-master.src.main.java.org.jfree.data.general,DatasetChangeEvent.java,80,69,0.8625,1,0.8625
jfreechart-master.src.main.java.org.jfree.data.general,DatasetChangeListener.java,57,52,0.9122807017543859,0,0.9122807017543859
jfreechart-master.src.main.java.org.jfree.data.general,DatasetUtils.java,2326,872,0.3748925193465176,288,0.0013017101366198528
jfreechart-master.src.main.java.org.jfree.data.general,DefaultHeatMapDataset.java,307,171,0.5570032573289903,20,0.027850162866449514
jfreechart-master.src.main.java.org.jfree.data.general,DefaultKeyedValueDataset.java,181,103,0.569060773480663,11,0.051732797589151176
jfreechart-master.src.main.java.org.jfree.data.general,DefaultKeyedValues2DDataset.java,57,49,0.8596491228070176,0,0.8596491228070176
jfreechart-master.src.main.java.org.jfree.data.general,DefaultKeyedValuesDataset.java,46,41,0.8913043478260869,0,0.8913043478260869
jfreechart-master.src.main.java.org.jfree.data.general,DefaultPieDataset.java,323,196,0.6068111455108359,12,0.05056759545923633
jfreechart-master.src.main.java.org.jfree.data.general,DefaultValueDataset.java,128,86,0.671875,4,0.16796875
jfreechart-master.src.main.java.org.jfree.data.general,HeatMapDataset.java,141,128,0.9078014184397163,0,0.9078014184397163
jfreechart-master.src.main.java.org.jfree.data.general,HeatMapUtils.java,119,69,0.5798319327731093,5,0.11596638655462185
jfreechart-master.src.main.java.org.jfree.data.general,KeyedValueDataset.java,47,43,0.9148936170212766,0,0.9148936170212766
jfreechart-master.src.main.java.org.jfree.data.general,KeyedValues2DDataset.java,47,43,0.9148936170212766,0,0.9148936170212766
jfreechart-master.src.main.java.org.jfree.data.general,KeyedValuesDataset.java,43,39,0.9069767441860465,0,0.9069767441860465
jfreechart-master.src.main.java.org.jfree.data.general,PieDataset.java,49,44,0.8979591836734694,0,0.8979591836734694
jfreechart-master.src.main.java.org.jfree.data.general,Series.java,221,142,0.6425339366515838,16,0.040158371040723985
jfreechart-master.src.main.java.org.jfree.data.general,SeriesChangeEvent.java,58,49,0.8448275862068966,1,0.8448275862068966
jfreechart-master.src.main.java.org.jfree.data.general,SeriesChangeListener.java,54,49,0.9074074074074074,0,0.9074074074074074
jfreechart-master.src.main.java.org.jfree.data.general,SeriesDataset.java,78,67,0.8589743589743589,0,0.8589743589743589
jfreechart-master.src.main.java.org.jfree.data.general,SeriesException.java,58,50,0.8620689655172413,1,0.8620689655172413
jfreechart-master.src.main.java.org.jfree.data.general,ValueDataset.java,47,43,0.9148936170212766,0,0.9148936170212766
jfreechart-master.src.main.java.org.jfree.data.general,WaferMapDataset.java,273,164,0.6007326007326007,11,0.05461205461205461
jfreechart-master.src.main.java.org.jfree.data.io,CSV.java,186,95,0.510752688172043,12,0.04256272401433692
jfreechart-master.src.main.java.org.jfree.data,ItemKey.java,47,43,0.9148936170212766,0,0.9148936170212766
jfreechart-master.src.main.java.org.jfree.data.json.impl,JSONArray.java,144,72,0.5,9,0.05555555555555555
jfreechart-master.src.main.java.org.jfree.data.json.impl,JSONAware.java,41,37,0.9024390243902439,0,0.9024390243902439
jfreechart-master.src.main.java.org.jfree.data.json.impl,JSONObject.java,175,90,0.5142857142857142,8,0.06428571428571428
jfreechart-master.src.main.java.org.jfree.data.json.impl,JSONStreamAware.java,46,40,0.8695652173913043,0,0.8695652173913043
jfreechart-master.src.main.java.org.jfree.data.json.impl,JSONValue.java,314,159,0.5063694267515924,38,0.013325511230305061
jfreechart-master.src.main.java.org.jfree.data.json,JSONUtils.java,187,85,0.45454545454545453,11,0.04132231404958678
jfreechart-master.src.main.java.org.jfree.data,KeyedObject.java,135,79,0.5851851851851851,6,0.09753086419753086
jfreechart-master.src.main.java.org.jfree.data,KeyedObjects.java,315,166,0.526984126984127,21,0.025094482237339382
jfreechart-master.src.main.java.org.jfree.data,KeyedObjects2D.java,462,218,0.47186147186147187,37,0.012753012753012754
jfreechart-master.src.main.java.org.jfree.data,KeyedValue.java,50,46,0.92,0,0.92
jfreechart-master.src.main.java.org.jfree.data,KeyedValueComparator.java,151,67,0.44370860927152317,15,0.029580573951434878
jfreechart-master.src.main.java.org.jfree.data,KeyedValueComparatorType.java,52,47,0.9038461538461539,0,0.9038461538461539
jfreechart-master.src.main.java.org.jfree.data,KeyedValues.java,89,81,0.9101123595505618,0,0.9101123595505618
jfreechart-master.src.main.java.org.jfree.data,KeyedValues2D.java,103,91,0.883495145631068,0,0.883495145631068
jfreechart-master.src.main.java.org.jfree.data,KeyedValues2DItemKey.java,141,69,0.48936170212765956,6,0.08156028368794326
jfreechart-master.src.main.java.org.jfree.data,KeyedValuesItemKey.java,107,58,0.5420560747663551,4,0.13551401869158877
jfreechart-master.src.main.java.org.jfree.data,KeyToGroupMap.java,287,126,0.43902439024390244,32,0.013719512195121951
jfreechart-master.src.main.java.org.jfree.data,Range.java,424,229,0.5400943396226415,34,0.015885127635960044
jfreechart-master.src.main.java.org.jfree.data,RangeInfo.java,70,64,0.9142857142857143,0,0.9142857142857143
jfreechart-master.src.main.java.org.jfree.data,RangeType.java,53,47,0.8867924528301887,0,0.8867924528301887
jfreechart-master.src.main.java.org.jfree.data.resources,DataPackageResources.java,62,50,0.8064516129032258,3,0.26881720430107525
jfreechart-master.src.main.java.org.jfree.data.resources,DataPackageResources_de.java,62,50,0.8064516129032258,3,0.26881720430107525
jfreechart-master.src.main.java.org.jfree.data.resources,DataPackageResources_es.java,62,50,0.8064516129032258,3,0.26881720430107525
jfreechart-master.src.main.java.org.jfree.data.resources,DataPackageResources_fr.java,61,49,0.8032786885245902,3,0.2677595628415301
jfreechart-master.src.main.java.org.jfree.data.resources,DataPackageResources_pl.java,63,51,0.8095238095238095,3,0.2698412698412698
jfreechart-master.src.main.java.org.jfree.data.resources,DataPackageResources_ru.java,59,47,0.7966101694915254,3,0.2655367231638418
jfreechart-master.src.main.java.org.jfree.data.statistics,BoxAndWhiskerCalculator.java,199,89,0.4472361809045226,16,0.027952261306532663
jfreechart-master.src.main.java.org.jfree.data.statistics,BoxAndWhiskerCategoryDataset.java,218,194,0.8899082568807339,0,0.8899082568807339
jfreechart-master.src.main.java.org.jfree.data.statistics,BoxAndWhiskerItem.java,263,138,0.5247148288973384,14,0.037479630635524175
jfreechart-master.src.main.java.org.jfree.data.statistics,BoxAndWhiskerXYDataset.java,165,148,0.896969696969697,0,0.896969696969697
jfreechart-master.src.main.java.org.jfree.data.statistics,DefaultBoxAndWhiskerCategoryDataset.java,869,457,0.525891829689298,39,0.01348440588946918
jfreechart-master.src.main.java.org.jfree.data.statistics,DefaultBoxAndWhiskerXYDataset.java,523,284,0.5430210325047801,22,0.02468277420476273
jfreechart-master.src.main.java.org.jfree.data.statistics,DefaultMultiValueCategoryDataset.java,380,184,0.4842105263157895,24,0.02017543859649123
jfreechart-master.src.main.java.org.jfree.data.statistics,DefaultStatisticalCategoryDataset.java,684,321,0.4692982456140351,37,0.012683736367946894
jfreechart-master.src.main.java.org.jfree.data.statistics,HistogramBin.java,156,94,0.6025641025641025,5,0.1205128205128205
jfreechart-master.src.main.java.org.jfree.data.statistics,HistogramDataset.java,465,253,0.5440860215053763,23,0.023655913978494623
jfreechart-master.src.main.java.org.jfree.data.statistics,HistogramType.java,52,46,0.8846153846153846,0,0.8846153846153846
jfreechart-master.src.main.java.org.jfree.data.statistics,MeanAndStandardDeviation.java,164,99,0.6036585365853658,7,0.08623693379790941
jfreechart-master.src.main.java.org.jfree.data.statistics,MultiValueCategoryDataset.java,66,58,0.8787878787878788,0,0.8787878787878788
jfreechart-master.src.main.java.org.jfree.data.statistics,Regression.java,330,107,0.3242424242424242,32,0.010132575757575757
jfreechart-master.src.main.java.org.jfree.data.statistics,SimpleHistogramBin.java,259,129,0.4980694980694981,22,0.02263952263952264
jfreechart-master.src.main.java.org.jfree.data.statistics,SimpleHistogramDataset.java,452,264,0.584070796460177,21,0.02781289506953224
jfreechart-master.src.main.java.org.jfree.data.statistics,StatisticalCategoryDataset.java,80,71,0.8875,0,0.8875
jfreechart-master.src.main.java.org.jfree.data.statistics,Statistics.java,420,186,0.44285714285714284,37,0.011969111969111969
jfreechart-master.src.main.java.org.jfree.data.time,DateRange.java,147,103,0.7006802721088435,3,0.23356009070294784
jfreechart-master.src.main.java.org.jfree.data.time,Day.java,435,248,0.5701149425287356,9,0.06334610472541508
jfreechart-master.src.main.java.org.jfree.data.time,DynamicTimeSeriesCollection.java,860,469,0.5453488372093023,68,0.008019835841313269
jfreechart-master.src.main.java.org.jfree.data.time,FixedMillisecond.java,260,149,0.573076923076923,11,0.0520979020979021
jfreechart-master.src.main.java.org.jfree.data.time,Hour.java,443,248,0.5598194130925508,16,0.034988713318284424
jfreechart-master.src.main.java.org.jfree.data.time,Millisecond.java,412,218,0.529126213592233,18,0.029395900755124056
jfreechart-master.src.main.java.org.jfree.data.time,Minute.java,448,242,0.5401785714285714,16,0.03376116071428571
jfreechart-master.src.main.java.org.jfree.data.time,Month.java,495,256,0.5171717171717172,27,0.019154508043396933
jfreechart-master.src.main.java.org.jfree.data.time,MovingAverage.java,296,131,0.44256756756756754,32,0.013830236486486486
jfreechart-master.src.main.java.org.jfree.data.time.ohlc,OHLC.java,144,85,0.5902777777777778,7,0.08432539682539683
jfreechart-master.src.main.java.org.jfree.data.time.ohlc,OHLCItem.java,129,78,0.6046511627906976,5,0.12093023255813953
jfreechart-master.src.main.java.org.jfree.data.time.ohlc,OHLCSeries.java,127,89,0.7007874015748031,3,0.23359580052493437
jfreechart-master.src.main.java.org.jfree.data.time.ohlc,OHLCSeriesCollection.java,454,268,0.5903083700440529,15,0.039353891336270194
jfreechart-master.src.main.java.org.jfree.data.time,Quarter.java,440,242,0.55,15,0.03666666666666667
jfreechart-master.src.main.java.org.jfree.data.time,RegularTimePeriod.java,361,251,0.6952908587257618,13,0.05348391220967398
jfreechart-master.src.main.java.org.jfree.data.time,Second.java,420,224,0.5333333333333333,20,0.026666666666666665
jfreechart-master.src.main.java.org.jfree.data.time,SimpleTimePeriod.java,201,110,0.5472636815920398,12,0.045605306799336644
jfreechart-master.src.main.java.org.jfree.data.time,TimePeriod.java,57,51,0.8947368421052632,0,0.8947368421052632
jfreechart-master.src.main.java.org.jfree.data.time,TimePeriodAnchor.java,48,42,0.875,0,0.875
jfreechart-master.src.main.java.org.jfree.data.time,TimePeriodFormatException.java,49,43,0.8775510204081632,1,0.8775510204081632
jfreechart-master.src.main.java.org.jfree.data.time,TimePeriodValue.java,168,103,0.6130952380952381,5,0.12261904761904763
jfreechart-master.src.main.java.org.jfree.data.time,TimePeriodValues.java,425,204,0.48,23,0.020869565217391303
jfreechart-master.src.main.java.org.jfree.data.time,TimePeriodValuesCollection.java,411,204,0.49635036496350365,19,0.026123703419131773
jfreechart-master.src.main.java.org.jfree.data.time,TimeSeries.java,1172,574,0.48976109215017066,108,0.004534824927316395
jfreechart-master.src.main.java.org.jfree.data.time,TimeSeriesCollection.java,663,340,0.5128205128205128,37,0.01386001386001386
jfreechart-master.src.main.java.org.jfree.data.time,TimeSeriesDataItem.java,190,125,0.6578947368421053,5,0.13157894736842107
jfreechart-master.src.main.java.org.jfree.data.time,TimeSeriesTableModel.java,240,113,0.4708333333333333,17,0.027696078431372548
jfreechart-master.src.main.java.org.jfree.data.time,TimeTableXYDataset.java,561,331,0.5900178253119429,24,0.024584076054664287
jfreechart-master.src.main.java.org.jfree.data.time,Week.java,595,293,0.492436974789916,33,0.014922332569391393
jfreechart-master.src.main.java.org.jfree.data.time,Year.java,368,227,0.6168478260869565,9,0.06853864734299517
jfreechart-master.src.main.java.org.jfree.data,UnknownKeyException.java,53,47,0.8867924528301887,1,0.8867924528301887
jfreechart-master.src.main.java.org.jfree.data,Value.java,52,48,0.9230769230769231,0,0.9230769230769231
jfreechart-master.src.main.java.org.jfree.data,Values.java,59,54,0.9152542372881356,0,0.9152542372881356
jfreechart-master.src.main.java.org.jfree.data,Values2D.java,69,63,0.9130434782608695,0,0.9130434782608695
jfreechart-master.src.main.java.org.jfree.data.xml,CategoryDatasetHandler.java,121,73,0.6033057851239669,5,0.12066115702479338
jfreechart-master.src.main.java.org.jfree.data.xml,CategorySeriesHandler.java,134,78,0.582089552238806,5,0.1164179104477612
jfreechart-master.src.main.java.org.jfree.data.xml,DatasetReader.java,161,89,0.5527950310559007,2,0.27639751552795033
jfreechart-master.src.main.java.org.jfree.data.xml,DatasetTags.java,57,48,0.8421052631578947,0,0.8421052631578947
jfreechart-master.src.main.java.org.jfree.data.xml,ItemHandler.java,151,89,0.5894039735099338,5,0.11788079470198676
jfreechart-master.src.main.java.org.jfree.data.xml,KeyHandler.java,141,88,0.624113475177305,4,0.15602836879432624
jfreechart-master.src.main.java.org.jfree.data.xml,PieDatasetHandler.java,121,76,0.628099173553719,5,0.1256198347107438
jfreechart-master.src.main.java.org.jfree.data.xml,RootHandler.java,114,75,0.6578947368421053,5,0.13157894736842107
jfreechart-master.src.main.java.org.jfree.data.xml,ValueHandler.java,147,87,0.5918367346938775,5,0.11836734693877551
jfreechart-master.src.main.java.org.jfree.data.xy,AbstractIntervalXYDataset.java,116,75,0.646551724137931,5,0.12931034482758622
jfreechart-master.src.main.java.org.jfree.data.xy,AbstractXYDataset.java,90,62,0.6888888888888889,3,0.22962962962962963
jfreechart-master.src.main.java.org.jfree.data.xy,AbstractXYZDataset.java,60,47,0.7833333333333333,2,0.39166666666666666
jfreechart-master.src.main.java.org.jfree.data.xy,CategoryTableXYDataset.java,383,241,0.6292428198433421,9,0.06991586887148245
jfreechart-master.src.main.java.org.jfree.data.xy,DefaultHighLowDataset.java,398,243,0.6105527638190955,16,0.03815954773869347
jfreechart-master.src.main.java.org.jfree.data.xy,DefaultIntervalXYDataset.java,525,330,0.6285714285714286,16,0.039285714285714285
jfreechart-master.src.main.java.org.jfree.data.xy,DefaultOHLCDataset.java,320,192,0.6,10,0.06
jfreechart-master.src.main.java.org.jfree.data.xy,DefaultTableXYDataset.java,582,289,0.4965635738831615,31,0.01601817980268263
jfreechart-master.src.main.java.org.jfree.data.xy,DefaultWindDataset.java,394,208,0.5279187817258884,22,0.023996308260267652
jfreechart-master.src.main.java.org.jfree.data.xy,DefaultXYDataset.java,359,213,0.5933147632311978,17,0.03490086842536458
jfreechart-master.src.main.java.org.jfree.data.xy,DefaultXYZDataset.java,402,246,0.6119402985074627,15,0.04079601990049751
jfreechart-master.src.main.java.org.jfree.data.xy,IntervalXYDataset.java,137,126,0.9197080291970803,0,0.9197080291970803
jfreechart-master.src.main.java.org.jfree.data.xy,IntervalXYDelegate.java,436,256,0.5871559633027523,22,0.02668890742285238
jfreechart-master.src.main.java.org.jfree.data.xy,IntervalXYZDataset.java,97,87,0.8969072164948454,0,0.8969072164948454
jfreechart-master.src.main.java.org.jfree.data.xy,MatrixSeries.java,200,125,0.625,10,0.0625
jfreechart-master.src.main.java.org.jfree.data.xy,MatrixSeriesCollection.java,272,164,0.6029411764705882,8,0.07536764705882353
jfreechart-master.src.main.java.org.jfree.data.xy,NormalizedMatrixSeries.java,131,96,0.732824427480916,1,0.732824427480916
jfreechart-master.src.main.java.org.jfree.data.xy,OHLCDataItem.java,182,105,0.5769230769230769,9,0.0641025641025641
jfreechart-master.src.main.java.org.jfree.data.xy,OHLCDataset.java,149,136,0.912751677852349,0,0.912751677852349
jfreechart-master.src.main.java.org.jfree.data.xy,TableXYDataset.java,57,53,0.9298245614035088,0,0.9298245614035088
jfreechart-master.src.main.java.org.jfree.data.xy,Vector.java,135,87,0.6444444444444445,5,0.1288888888888889
jfreechart-master.src.main.java.org.jfree.data.xy,VectorDataItem.java,117,81,0.6923076923076923,3,0.23076923076923075
jfreechart-master.src.main.java.org.jfree.data.xy,VectorSeries.java,162,118,0.7283950617283951,3,0.24279835390946503
jfreechart-master.src.main.java.org.jfree.data.xy,VectorSeriesCollection.java,303,188,0.6204620462046204,6,0.1034103410341034
jfreechart-master.src.main.java.org.jfree.data.xy,VectorXYDataset.java,73,67,0.9178082191780822,0,0.9178082191780822
jfreechart-master.src.main.java.org.jfree.data.xy,WindDataset.java,67,62,0.9253731343283582,0,0.9253731343283582
jfreechart-master.src.main.java.org.jfree.data.xy,XIntervalDataItem.java,104,70,0.6730769230769231,4,0.16826923076923078
jfreechart-master.src.main.java.org.jfree.data.xy,XIntervalSeries.java,162,122,0.7530864197530864,3,0.25102880658436216
jfreechart-master.src.main.java.org.jfree.data.xy,XIntervalSeriesCollection.java,360,220,0.6111111111111112,8,0.0763888888888889
jfreechart-master.src.main.java.org.jfree.data.xy,XisSymbolic.java,72,66,0.9166666666666666,0,0.9166666666666666
jfreechart-master.src.main.java.org.jfree.data.xy,XYBarDataset.java,355,230,0.647887323943662,10,0.0647887323943662
jfreechart-master.src.main.java.org.jfree.data.xy,XYCoordinate.java,155,84,0.5419354838709678,10,0.05419354838709678
jfreechart-master.src.main.java.org.jfree.data.xy,XYDataItem.java,222,130,0.5855855855855856,8,0.0731981981981982
jfreechart-master.src.main.java.org.jfree.data.xy,XYDataset.java,108,97,0.8981481481481481,0,0.8981481481481481
jfreechart-master.src.main.java.org.jfree.data.xy,XYDatasetTableModel.java,241,168,0.6970954356846473,11,0.06337231233496793
jfreechart-master.src.main.java.org.jfree.data.xy,XYDomainInfo.java,55,49,0.8909090909090909,0,0.8909090909090909
jfreechart-master.src.main.java.org.jfree.data.xy,XYInterval.java,143,85,0.5944055944055944,8,0.0743006993006993
jfreechart-master.src.main.java.org.jfree.data.xy,XYIntervalDataItem.java,134,78,0.582089552238806,6,0.09701492537313433
jfreechart-master.src.main.java.org.jfree.data.xy,XYIntervalSeries.java,189,140,0.7407407407407407,3,0.24691358024691357
jfreechart-master.src.main.java.org.jfree.data.xy,XYIntervalSeriesCollection.java,357,225,0.6302521008403361,6,0.10504201680672269
jfreechart-master.src.main.java.org.jfree.data.xy,XYItemKey.java,138,68,0.4927536231884058,6,0.0821256038647343
jfreechart-master.src.main.java.org.jfree.data.xy,XYRangeInfo.java,56,50,0.8928571428571429,0,0.8928571428571429
jfreechart-master.src.main.java.org.jfree.data.xy,XYSeries.java,892,467,0.523542600896861,68,0.007699155895542074
jfreechart-master.src.main.java.org.jfree.data.xy,XYSeriesCollection.java,708,338,0.4774011299435028,48,0.009945856873822975
jfreechart-master.src.main.java.org.jfree.data.xy,XYZDataset.java,60,55,0.9166666666666666,0,0.9166666666666666
jfreechart-master.src.main.java.org.jfree.data.xy,YInterval.java,112,71,0.6339285714285714,6,0.1056547619047619
jfreechart-master.src.main.java.org.jfree.data.xy,YIntervalDataItem.java,103,66,0.6407766990291263,4,0.16019417475728157
jfreechart-master.src.main.java.org.jfree.data.xy,YIntervalSeries.java,163,124,0.7607361963190185,3,0.25357873210633947
jfreechart-master.src.main.java.org.jfree.data.xy,YIntervalSeriesCollection.java,321,199,0.6199376947040498,5,0.12398753894080997
jfreechart-master.src.main.java.org.jfree.data.xy,YisSymbolic.java,73,67,0.9178082191780822,0,0.9178082191780822
jfreechart-master.src.main.java.org.jfree.data.xy,YWithXInterval.java,116,75,0.646551724137931,6,0.10775862068965518
